hbid_id,hbid_id_ds,basin_name,hbid_name,catchment,catch_ds,area_km2,country,brazil_UF,basin_ID,lat,lon,ds_lat,ds_lon
4015,-999,"Northeast South America, South Atlantic Coast",Courantyne 1,c4015,outlet,2656.3883813163393,Suriname,,AMZ_OTCA,5.220913183973414,-57.27541084914435,,
4017,4015,"Northeast South America, South Atlantic Coast",Courantyne 2,c4017,c4015,9129.53513781462,Suriname,,AMZ_OTCA,4.148512012495904,-57.81012260854736,5.220913183973414,-57.27541084914435
4022,-999,"Northeast South America, South Atlantic Coast",Coppename,c4022,outlet,21121.640333102354,Suriname,,AMZ_OTCA,4.722373183940021,-56.20086387779669,,
4024,-999,"Northeast South America, South Atlantic Coast",Suriname,c4024,outlet,16760.536968311473,Suriname,,AMZ_OTCA,4.399156172708249,-55.3754614443348,,
4036,-999,"Northeast South America, South Atlantic Coast",Araguari 1,c4036,outlet,12424.78329833989,Brazil,AP,AMZ_OTCA,1.2302465000215663,-50.74803798997685,,
6043,-999,Tocantins,Acara,c6043,outlet,13296.332948851006,Brazil,PA,AMZ_OTCA,-2.560367635474947,-48.45877775764683,,
6045,-999,Tocantins,Guama,c6045,outlet,12908.914112803717,Brazil,PA,AMZ_OTCA,-1.8053845256478251,-47.50429301854845,,
7004,-999,"North Brazil, South Atlantic Coast",Turiacu,c7004,outlet,13297.479797017704,Brazil,MA,AMZ_OTCA,-2.572539589497956,-45.60858764481465,,
4016,4015,"Northeast South America, South Atlantic Coast",Kabalebo,c4016,c4015,9617.343939548187,Suriname,,AMZ_OTCA,4.2399921239732254,-57.360337058321505,5.220913183973414,-57.27541084914435
4020,4017,"Northeast South America, South Atlantic Coast",Lucie,c4020,c4017,10006.118145084969,Suriname,,AMZ_OTCA,3.332649512803026,-56.74893467262917,4.148512012495904,-57.81012260854736
4038,4036,"Northeast South America, South Atlantic Coast",Araguari 2,c4038,c4036,15379.37337659861,Brazil,AP,AMZ_OTCA,1.6183392132062255,-51.81484968164482,1.2302465000215663,-50.74803798997685
7007,7006,"North Brazil, South Atlantic Coast",Zutiua,c7007,c7006,9937.913056920457,Brazil,MA,AMZ_OTCA,-4.524235765661549,-45.96786908097327,-4.246407458430662,-46.358127579831915
12096,12094,La Plata,Cabacal,c12096,c12094,5603.333163875568,Brazil,MT,AMZ_OTCA,-15.251996435718295,-58.13953451962724,-16.515700909895983,-57.21863847299153
5034,5030,Amazon,Maicuru,c5034,c5030,16133.358520008118,Brazil,PA,Main_AMZ,-1.007900835205564,-54.42483503186972,-1.887029834097949,-53.472306291398326
5037,5036,Amazon,Ipitinga,c5037,c5036,9590.787454649218,Brazil,PA,Main_AMZ,0.6767243147791585,-53.787248332980646,-0.38340064895920273,-52.709127156096905
5218,5216,Amazon,Urucu,c5218,c5216,14541.3180160206,Brazil,AM,Main_AMZ,-4.484803731188701,-64.53517742651391,-4.117467128949493,-63.60930124880994
5241,5240,Amazon,Gregorio,c5241,c5240,8756.719052083556,Brazil,AC,Jurua,-7.785826996442702,-71.36920452644245,-5.28027433415216,-67.78243754526461
5088,5087,Amazon,Preto,c5088,c5087,10426.372564669593,Brazil,RO,Madeira,-8.925338513229198,-62.794522621460295,-6.857978436401627,-62.51150353779184
5093,5092,Amazon,Guapore 1,c5093,c5092,15329.501571924679,Brazil,RO,Madeira,-12.316021324304005,-63.98402612416816,-11.306819419597767,-65.12494430190343
5100,5093,Amazon,San Julian 1,c5100,c5093,37570.80918392181,Bolivia,,Madeira,-16.047484613990633,-62.72217075061948,-12.316021324304005,-63.98402612416816
5111,5092,Amazon,Mamore 2,c5111,c5092,19258.243532103177,Bolivia,,Madeira,-13.166801460578428,-65.68243526928124,-11.306819419597767,-65.12494430190343
5112,5111,Amazon,Apere,c5112,c5111,14698.0174595564,Bolivia,,Madeira,-14.933133778004507,-66.04632248817687,-13.166801460578428,-65.68243526928124
5113,5111,Amazon,Yacuma,c5113,c5111,12144.306745502285,Bolivia,,Madeira,-14.333765492170864,-66.70206576234129,-13.166801460578428,-65.68243526928124
5092,5091,Amazon,Mamore 1,c5092,c5091,9682.946200095894,Brazil,RO,Madeira,-11.306819419597767,-65.12494430190343,-9.329757085542203,-64.54156724330672
5127,5091,Amazon,Beni 1,c5127,c5091,14539.06656824036,Bolivia,RO,Madeira,-11.553815664150049,-66.19244553030288,-9.329757085542203,-64.54156724330672
5131,5129,Amazon,Madre de Dios 2,c5131,c5129,16380.20871845079,Bolivia,,Madeira,-12.551394643375842,-68.54806561720427,-11.324293647496638,-66.87980808007754
5136,5127,Amazon,Orthon,c5136,c5127,4250.746695313927,Bolivia,,Madeira,-10.989083262678434,-67.028765184957,-11.553815664150049,-66.19244553030288
5137,5136,Amazon,Manuripi,c5137,c5136,13565.567735221117,Bolivia,,Madeira,-11.788847739610857,-68.76503946302192,-10.989083262678434,-67.028765184957
5146,5145,Amazon,Negro,c5146,c5145,8855.020504710365,Bolivia,,Madeira,-10.377375780302197,-66.11594621921596,-10.307457675050568,-66.96770748410039
5147,5091,Amazon,Branco,c5147,c5091,13144.083393986217,Brazil,RO,Madeira,-9.986407946400844,-64.27267311556051,-9.329757085542203,-64.54156724330672
5109,5092,Amazon,Ouro Preto,c5109,c5092,16917.608392808575,Brazil,RO,Madeira,-11.134203987276655,-64.48175303309854,-11.306819419597767,-65.12494430190343
5148,5091,Amazon,Jamari,c5148,c5091,16429.502478782688,Brazil,RO,Madeira,-9.962142113790582,-63.15618388148584,-9.329757085542203,-64.54156724330672
5149,5148,Amazon,Candeias,c5149,c5148,12834.208653723552,Brazil,RO,Madeira,-9.626159623261271,-63.67653969230138,-9.962142113790582,-63.15618388148584
5079,5077,Amazon,Mataura,c5079,c5077,8130.659072163942,Brazil,AM,Madeira,-6.2874361442538875,-60.85894695521453,-5.025261639814465,-60.254991572533235
5115,5111,Amazon,Mamore 3,c5115,c5111,20566.56896244075,Bolivia,,Madeira,-15.006967315497892,-65.23368504692029,-13.166801460578428,-65.68243526928124
5126,5115,Amazon,Ibare,c5126,c5115,11850.20809255453,Bolivia,,Madeira,-15.49746372507428,-64.20455886937935,-15.006967315497892,-65.23368504692029
5110,5092,Amazon,Yata,c5110,c5092,20635.33407991789,Bolivia,RO,Madeira,-12.371523679995917,-65.93622343246278,-11.306819419597767,-65.12494430190343
5078,5077,Amazon,Manicore,c5078,c5077,11115.809098058015,Brazil,AM,Madeira,-7.245107440503065,-61.19611190303007,-5.025261639814465,-60.254991572533235
5082,5080,Amazon,Roosevelt 1,c5082,c5080,10570.882707166287,Brazil,AM,Madeira,-8.713076611418199,-60.90541270284611,-6.674695249416788,-60.30989620108185
5081,5080,Amazon,Guaribe,c5081,c5080,16218.801920901305,Brazil,MT,Madeira,-9.071146651140065,-60.29765129440063,-6.674695249416788,-60.30989620108185
5083,5082,Amazon,Branco,c5083,c5082,12382.122706028602,Brazil,MT,Madeira,-10.689577883038648,-61.08749483321045,-8.713076611418199,-60.90541270284611
5084,5082,Amazon,Madeirinha,c5084,c5082,11138.91531128075,Brazil,MT,Madeira,-9.35995697435041,-61.284846638329974,-8.713076611418199,-60.90541270284611
5090,5087,Amazon,Marmelos,c5090,c5087,27455.637631670852,Brazil,AM,Madeira,-7.6268692370570825,-61.946210603940344,-6.857978436401627,-62.51150353779184
5095,5093,Amazon,Manuel Correia,c5095,c5093,9304.425255466514,Brazil,RO,Madeira,-11.854280365753594,-63.02401408002071,-12.316021324304005,-63.98402612416816
5094,5093,Amazon,Sao Simao,c5094,c5093,8340.058440319779,Brazil,RO,Madeira,-12.23174103997473,-62.450583444455695,-12.316021324304005,-63.98402612416816
5106,5093,Amazon,Guapore 2,c5106,c5093,23157.55469847773,Brazil,RO,Madeira,-12.960532979881465,-61.98094152039726,-12.316021324304005,-63.98402612416816
5096,5093,Amazon,Blanco,c5096,c5093,28039.32911850864,Bolivia,RO,Madeira,-14.845259598478087,-63.23535849797582,-12.316021324304005,-63.98402612416816
5097,5096,Amazon,San Martin 1,c5097,c5096,16383.378311886254,Bolivia,,Madeira,-13.732776438448562,-63.08920583892623,-14.845259598478087,-63.23535849797582
5098,5097,Amazon,Negro,c5098,c5097,16372.572197434978,Bolivia,,Madeira,-15.25870365601542,-62.262053633985694,-13.732776438448562,-63.08920583892623
5099,5097,Amazon,San Martin 2,c5099,c5097,15843.011193066919,Bolivia,,Madeira,-14.821898151874521,-61.86334935376598,-13.732776438448562,-63.08920583892623
5101,5100,Amazon,Tunas,c5101,c5100,8603.878634344052,Bolivia,,Madeira,-18.242118422672796,-62.32461490222519,-16.047484613990633,-62.72217075061948
5102,5100,Amazon,Machupo,c5102,c5100,18962.952539360027,Bolivia,,Madeira,-13.80261666989097,-64.5598798556984,-16.047484613990633,-62.72217075061948
5105,5093,Amazon,Cautario,c5105,c5093,7044.83707913336,Brazil,RO,Madeira,-11.508771882566364,-63.70371571162468,-12.316021324304005,-63.98402612416816
5107,5106,Amazon,Paragua,c5107,c5106,29166.99433720701,Bolivia,MT,Madeira,-14.920166456934709,-61.09693743705748,-12.960532979881465,-61.98094152039726
5114,5113,Amazon,Rapulo,c5114,c5113,9241.617326763851,Bolivia,,Madeira,-14.758614285726665,-66.3774567021475,-14.333765492170864,-66.70206576234129
5124,5115,Amazon,Secure,c5124,c5115,6316.116532892448,Bolivia,,Madeira,-15.925148633088597,-65.92075809562516,-15.006967315497892,-65.23368504692029
5116,5115,Amazon,Ichilo,c5116,c5115,20051.1294844878,Bolivia,,Madeira,-17.01616762840911,-64.68229451477232,-15.006967315497892,-65.23368504692029
5119,5117,Amazon,Yapacani,c5119,c5117,10322.87012454503,Bolivia,,Madeira,-17.483990751273694,-64.02814888039296,-18.132373898826643,-63.56486268738253
5118,5117,Amazon,Mizque,c5118,c5117,10411.963055913913,Bolivia,,Madeira,-18.014477147959678,-64.96423967339452,-18.132373898826643,-63.56486268738253
5120,5119,Amazon,Piray,c5120,c5119,14907.00931448853,Bolivia,,Madeira,-17.250648195487347,-63.53041390023658,-17.483990751273694,-64.02814888039296
5125,5124,Amazon,Isiboro,c5125,c5124,14729.599060311733,Bolivia,,Madeira,-16.681711830085487,-65.58963481728965,-15.925148633088597,-65.92075809562516
5128,5127,Amazon,Biata,c5128,c5127,7951.2539765609845,Bolivia,,Madeira,-13.017355696956272,-66.88174489284229,-11.553815664150049,-66.19244553030288
5129,5127,Amazon,Madre de Dios 1,c5129,c5127,6382.641025501836,Bolivia,,Madeira,-11.324293647496638,-66.87980808007754,-11.553815664150049,-66.19244553030288
5139,5127,Amazon,Beni 2,c5139,c5127,25002.828259966893,Bolivia,,Madeira,-13.771884562313168,-67.50601528967987,-11.553815664150049,-66.19244553030288
5130,5129,Amazon,Manupari,c5130,c5129,11802.946910900284,Bolivia,,Madeira,-12.32003087305762,-67.72253628108287,-11.324293647496638,-66.87980808007754
5144,5139,Amazon,Madidi,c5144,c5139,12603.614218446217,Bolivia,,Madeira,-13.254156487300884,-68.09447056542552,-13.771884562313168,-67.50601528967987
5132,5131,Amazon,Tambopata,c5132,c5131,15252.677040985256,Peru,,Madeira,-13.46806391653933,-69.46369423911875,-12.551394643375842,-68.54806561720427
5259,5257,Amazon,Morona,c5259,c5257,16663.083604460167,Peru,,Maranon,-3.2097199016268214,-77.4799658131093,-5.076831772252209,-77.58640078040717
5254,5246,Amazon,Chambira,c5254,c5246,9217.302811190266,Peru,,Maranon,-4.0919640917037325,-75.43110346820276,-4.547378968288955,-75.47180736968295
5248,5247,Amazon,Mayo,c5248,c5247,9758.936766526183,Peru,,Maranon,-6.035018341989242,-77.10074463852412,-5.890404495456138,-76.08275979976904
5250,5249,Amazon,Huallabamba,c5250,c5249,13867.707321535,Peru,,Maranon,-7.096119964594996,-77.29933137694776,-7.267011404509862,-76.44520781467793
5256,5255,Amazon,Corrientes,c5256,c5255,12943.131136127522,Peru,,Maranon,-3.094020042761901,-75.88757297551186,-2.7642883872213164,-75.512288649216
5257,5246,Amazon,Maranon 2,c5257,c5246,27180.558548706387,Peru,,Maranon,-5.076831772252209,-77.58640078040717,-4.547378968288955,-75.47180736968295
5260,5257,Amazon,Cenepa,c5260,c5257,6795.304149680663,Peru,,Maranon,-4.263808070855102,-78.37019143068042,-5.076831772252209,-77.58640078040717
5261,5257,Amazon,Santiago,c5261,c5257,10546.024547110716,Peru,,Maranon,-3.610814276151394,-77.9310425617073,-5.076831772252209,-77.58640078040717
5181,5178,Amazon,Negro 2,c5181,c5178,12519.206021597274,Brazil,AM,Negro,-1.284011526635348,-62.88548420791824,-2.5363509425628927,-60.747583660229516
5182,5181,Amazon,Jauaperi 1,c5182,c5181,7039.494449022474,Brazil,RR,Negro,-0.6988934650089051,-61.53982355336292,-1.284011526635348,-62.88548420791824
5197,5181,Amazon,Jufari,c5197,c5181,12534.274526467096,Brazil,AM,Negro,-0.3707830118578234,-62.367873901670386,-1.284011526635348,-62.88548420791824
5186,5181,Amazon,Branco 1,c5186,c5181,12942.699799452437,Brazil,RR,Negro,0.1442088626754368,-61.91036268427995,-1.284011526635348,-62.88548420791824
5188,5186,Amazon,Agua Boa do Univini,c5188,c5186,8951.624989545875,Brazil,RR,Negro,1.2341344644290206,-61.724328895077626,0.1442088626754368,-61.91036268427995
5190,5186,Amazon,Branco 2,c5190,c5186,14002.654556021376,Brazil,RR,Negro,2.0297702164376665,-61.20003209873415,0.1442088626754368,-61.91036268427995
5192,5190,Amazon,Branco 3,c5192,c5190,9489.341239293499,Brazil,RR,Negro,2.8732150140754165,-60.64635240892352,2.0297702164376665,-61.20003209873415
5200,5199,Amazon,Araca,c5200,c5199,16657.109013268942,Brazil,AM,Negro,0.482035042030441,-63.45682796607226,1.2862224638095594,-63.19285717110126
5203,5201,Amazon,Padauari,c5203,c5201,17306.35943118814,Brazil,AM,Negro,0.522644949705923,-64.37629194886476,-0.471919083405872,-64.9809988150769
5204,5201,Amazon,Cauaburi,c5204,c5201,12085.099229830492,Brazil,AM,Negro,0.40843008563765004,-66.14492335798428,-0.471919083405872,-64.9809988150769
5213,5212,Amazon,Pasimoni,c5213,c5212,10342.368999844668,Venezuela,AM,Negro,1.3158804296645696,-66.29132205731294,2.453472776068727,-66.22092924116899
5205,5201,Amazon,Negro 4,c5205,c5201,26650.95423117422,Brazil,AM,Negro,0.8390865435073855,-67.07399862183009,-0.471919083405872,-64.9809988150769
5207,5205,Amazon,Curicuriari,c5207,c5205,14138.29437897744,Brazil,AM,Negro,-0.4311476333234761,-68.05295622183166,0.8390865435073855,-67.07399862183009
5208,5205,Amazon,Uaupes 1,c5208,c5205,7539.139800815117,Brazil,AM,Negro,0.2639614673207893,-68.17288348859081,0.8390865435073855,-67.07399862183009
5171,5163,Amazon,Purus 3,c5171,c5163,39040.72158786711,Brazil,AM,Purus,-7.85693013657954,-66.65948516659665,-6.681009108190904,-64.26372848506674
5169,5168,Amazon,Pinhua,c5169,c5168,9275.984706769594,Brazil,AM,Purus,-6.896717283230673,-65.4686077785009,-5.937874532439329,-66.02594772917858
5173,5171,Amazon,Inauini,c5173,c5171,13427.765152542781,Brazil,AM,Purus,-8.39451872638724,-68.26357647757482,-7.85693013657954,-66.65948516659665
5176,5175,Amazon,Chandless,c5176,c5175,10228.250496333925,Brazil,AC,Purus,-9.980836902349742,-70.38060032865982,-9.72871524707396,-70.31894883118568
5048,5047,Amazon,Teles Pires 1,c5048,c5047,20734.469303225218,Brazil,PA,Tapajos,-8.541981364036019,-57.30646743167263,-6.5218033972174725,-57.80188376856031
5052,5051,Amazon,Sao Joao da Barra,c5052,c5051,9333.031031635417,Brazil,MT,Tapajos,-9.725580688403209,-57.866227440724025,-8.269022499514332,-58.354068067821146
5058,5057,Amazon,Peixes,c5058,c5057,14573.461888118156,Brazil,MT,Tapajos,-11.314151025845243,-56.720616848868,-12.780239171272475,-56.84907524733016
5043,5041,Amazon,Jamanxim 2,c5043,c5041,16071.35813132093,Brazil,PA,Tapajos,-7.371328626645043,-56.28769328305711,-5.65043005626936,-55.93270369929498
5046,5045,Amazon,Tropas,c5046,c5045,13484.18709530311,Brazil,PA,Tapajos,-6.777394012858507,-56.85409370430097,-5.290874817456217,-56.91082452649197
5049,5048,Amazon,Apiaca,c5049,c5048,16026.00450241047,Brazil,MT,Tapajos,-10.174752314750455,-57.05042959203362,-8.541981364036019,-57.30646743167263
5063,5062,Amazon,Verde,c5063,c5062,13404.362786100251,Brazil,MT,Tapajos,-12.903181414534409,-55.91335982470719,-10.930946443259826,-55.73505100300923
5065,5047,Amazon,Cururu,c5065,c5047,9719.257698374657,Brazil,PA,Tapajos,-7.700650453723112,-57.380408773730025,-6.5218033972174725,-57.80188376856031
6009,6007,Tocantins,Araguaia 3,c6009,c6007,19246.45442613043,Brazil,GO,Tocantins,-13.775704365123318,-50.96634283905965,-9.180821897736905,-49.86670296689118
6017,6016,Tocantins,Pindaiba,c6017,c6016,10011.560855788635,Brazil,MT,Tocantins,-15.162915187946087,-52.07573635792865,-13.059022044290556,-51.49518563594157
6021,6007,Tocantins,Braco Menor do Rio Araguaia 1,c6021,c6007,13293.133490542526,Brazil,TO,Tocantins,-10.609642689072789,-49.98897441469721,-9.180821897736905,-49.86670296689118
6029,6027,Tocantins,Tocantins 3,c6029,c6027,57944.37202429101,Brazil,TO,Tocantins,-9.894765387675829,-48.320252427457184,-6.242270135808424,-47.440559614326794
6022,6021,Tocantins,Formoso,c6022,c6021,21523.110772403208,Brazil,TO,Tocantins,-11.85182765488505,-49.449442146454636,-10.609642689072789,-49.98897441469721
6032,6029,Tocantins,Santa Teresa,c6032,c6029,14619.947334705666,Brazil,GO,Tocantins,-13.017983320575544,-48.91476285890468,-9.894765387675829,-48.320252427457184
6038,6029,Tocantins,Tocantins 4,c6038,c6029,20630.276982719875,Brazil,GO,Tocantins,-13.73879069540894,-48.33100546439024,-9.894765387675829,-48.320252427457184
6023,6021,Tocantins,Braco Menor do Rio Araguaia 2,c6023,c6021,17734.67918517043,Brazil,TO,Tocantins,-12.00668859674454,-50.140257671251014,-10.609642689072789,-49.98897441469721
6015,6009,Tocantins,Cristalino,c6015,c6009,11760.22170548417,Brazil,MT,Tocantins,-13.866289015592766,-51.1958075516294,-13.775704365123318,-50.96634283905965
6024,6004,Tocantins,Itacaiunas 1,c6024,c6004,12612.24343675238,Brazil,PA,Tocantins,-6.072858596661574,-49.274058587911,-4.346054957948043,-49.541583893630644
6034,6029,Tocantins,Sono 1,c6034,c6029,5108.262402109078,Brazil,TO,Tocantins,-9.54571207213696,-47.946306556537444,-9.894765387675829,-48.320252427457184
6035,6034,Tocantins,Balsas,c6035,c6034,12360.398398572584,Brazil,TO,Tocantins,-10.7398884071081,-47.495144063905975,-9.54571207213696,-47.946306556537444
5070,5066,Amazon,Itapi,c5070,c5066,12781.186726272987,Brazil,PA,Trombetas,-0.11031575090827682,-57.49284458410782,-1.4399526686934074,-56.498398955416185
5271,5270,Amazon,Tambo,c5271,c5270,4522.2677793458315,Peru,,Ucayali,-11.201160438351783,-73.77534890775107,-9.971661324721323,-73.95392582701477
5273,5271,Amazon,Ene,c5273,c5271,9407.96851644123,Peru,,Ucayali,-11.830437946432605,-73.97472331332469,-11.201160438351783,-73.77534890775107
5023,5019,Amazon,Xingu 6,c5023,c5019,4244.758120857614,Brazil,MT,Xingu,-11.63467790267927,-53.59614885967179,-10.415392489743665,-53.00235972797175
5027,5023,Amazon,Culuene 1,c5027,c5023,3614.744952786522,Brazil,MT,Xingu,-12.463052490297422,-53.506010602122416,-11.63467790267927,-53.59614885967179
5007,5004,Amazon,Xingu 2,c5007,c5004,10124.842153753565,Brazil,PA,Xingu,-3.683875830817065,-52.12893656297932,-2.4835757038635986,-52.073270053022966
5010,5008,Amazon,Iriri 2,c5010,c5008,43267.36979364797,Brazil,PA,Xingu,-7.325501285879369,-53.77185454865665,-4.8094024438522816,-54.06815417731489
5015,5014,Amazon,Riozinho,c5015,c5014,8678.511388794568,Brazil,PA,Xingu,-7.8136978607461,-51.9021022121341,-6.788510938603125,-51.43970282532231
5021,5019,Amazon,Arraias,c5021,c5019,9495.014880987486,Brazil,MT,Xingu,-11.7105503089487,-54.293942753262456,-10.415392489743665,-53.00235972797175
5224,5222,Amazon,Miriti Parana,c5224,c5222,8780.263718406006,Colombia,,Caqueta_Japura,-0.8209093142164136,-70.82379156603034,-1.1054490833799433,-71.12117151584171
5226,5225,Amazon,Mesay,c5226,c5225,14169.998407756935,Colombia,,Caqueta_Japura,0.29124648291135424,-72.42728397235341,0.693673738869079,-73.66612670296084
5225,5222,Amazon,Yari,c5225,c5222,22480.496748302452,Colombia,,Caqueta_Japura,0.693673738869079,-73.66612670296084,-1.1054490833799433,-71.12117151584171
4003,-999,"Northeast South America, South Atlantic Coast",Waini,c4003,outlet,9375.465572311794,Guyana,,AMZ_OTCA,7.436291486496789,-59.642669544337046,,
4005,-999,"Northeast South America, South Atlantic Coast",Essequibo 1,c4005,outlet,23187.59401681182,Guyana,,AMZ_OTCA,4.981866458848612,-59.0564133221276,,
4012,4005,"Northeast South America, South Atlantic Coast",Essequibo 2,c4012,c4005,22578.208599961632,Guyana,PA,AMZ_OTCA,2.3697512578009543,-58.61620391430849,4.981866458848612,-59.0564133221276
4037,4036,"Northeast South America, South Atlantic Coast",Amapari,c4037,c4036,15024.11287769662,Brazil,AP,AMZ_OTCA,1.1988773739236867,-52.44332182472661,1.2302465000215663,-50.74803798997685
5024,5023,Amazon,Tamitatoala,c5024,c5023,6731.499014896532,Brazil,MT,Xingu,-12.9630835801238,-53.87708792446513,-11.63467790267927,-53.59614885967179
5026,5024,Amazon,Ferro,c5026,c5024,11864.50812014088,Brazil,MT,Xingu,-12.817365385878334,-54.69481312896879,-12.9630835801238,-53.87708792446513
5030,5003,Amazon,Amazon 1,c5030,c5003,26183.968213404267,Brazil,PA,Main_AMZ,-1.887029834097949,-53.472306291398326,-0.8973462501846593,-51.24386937380083
5039,5030,Amazon,Amazon 2,c5039,c5030,10893.515494050785,Brazil,PA,Main_AMZ,-2.199233719490484,-55.805320777776245,-1.887029834097949,-53.472306291398326
5040,5039,Amazon,Tapajos 1,c5040,c5039,27125.43463015615,Brazil,PA,Tapajos,-4.023296356332264,-55.56442172775202,-2.199233719490484,-55.805320777776245
5047,5045,Amazon,Tapajos 3,c5047,c5045,23652.423607846373,Brazil,PA,Tapajos,-6.5218033972174725,-57.80188376856031,-5.290874817456217,-56.91082452649197
5060,5048,Amazon,Teles Pires 2,c5060,c5048,19387.237814520562,Brazil,MT,Tapajos,-9.710199419118737,-55.994684812221095,-8.541981364036019,-57.30646743167263
5009,5008,Amazon,Curua,c5009,c5008,36953.676234356084,Brazil,PA,Xingu,-7.344062542767399,-54.73193147377982,-4.8094024438522816,-54.06815417731489
5061,5060,Amazon,Peixoto de Azevido,c5061,c5060,19432.59052212657,Brazil,MT,Tapajos,-10.227369614569442,-54.79828496979228,-9.710199419118737,-55.994684812221095
5028,5027,Amazon,Coliseu,c5028,c5027,11666.27388234894,Brazil,MT,Xingu,-13.362634735995691,-53.534362001209914,-12.463052490297422,-53.506010602122416
5064,5062,Amazon,Teles Pires 4,c5064,c5062,20950.513292635605,Brazil,MT,Xingu,-13.52904901615839,-55.12401455605498,-10.930946443259826,-55.73505100300923
5057,5053,Amazon,Arinos,c5057,c5053,44318.78051845411,Brazil,MT,Tapajos,-12.780239171272475,-56.84907524733016,-10.722736808170984,-58.540758810478586
5068,5066,Amazon,Paru de Oeste,c5068,c5066,41972.21382664451,Brazil,PA,Trombetas,0.40992301945371834,-55.909818319953644,-1.4399526686934074,-56.498398955416185
5066,5039,Amazon,Trombetas 1,c5066,c5039,8101.555671851337,Brazil,PA,Trombetas,-1.4399526686934074,-56.498398955416185,-2.199233719490484,-55.805320777776245
5054,5053,Amazon,Camarare,c5054,c5053,10980.588281655146,Brazil,MT,Tapajos,-12.636131112365176,-59.57706323270472,-10.722736808170984,-58.540758810478586
5086,5080,Amazon,Aripuana 2,c5086,c5080,53772.54374246268,Brazil,MT,Madeira,-9.689263009652782,-59.470267509723044,-6.674695249416788,-60.30989620108185
5087,5077,Amazon,Madeira 2,c5087,c5077,22787.588505522366,Brazil,AM,Madeira,-6.857978436401627,-62.51150353779184,-5.025261639814465,-60.254991572533235
5055,5053,Amazon,Saueruina,c5055,c5053,22299.31350920782,Brazil,MT,Tapajos,-13.464552625106,-58.45927312643766,-10.722736808170984,-58.540758810478586
5108,5106,Amazon,Guapore 3,c5108,c5106,58973.23097622395,Brazil,MT,Madeira,-14.630962190793197,-60.12246215074042,-12.960532979881465,-61.98094152039726
5103,5100,Amazon,San Julian 2,c5103,c5100,17434.328028479686,Bolivia,,Madeira,-17.31684113877875,-60.77184867879957,-16.047484613990633,-62.72217075061948
5134,5131,Amazon,Madre de Dios 3,c5134,c5131,36502.090675724074,Peru,,Madeira,-12.367161977342818,-71.17009931828376,-12.551394643375842,-68.54806561720427
5091,5087,Amazon,Madeira 3,c5091,c5087,18702.439935577324,Brazil,RO,Madeira,-9.329757085542203,-64.54156724330672,-6.857978436401627,-62.51150353779184
5072,5039,Amazon,Amazon 3,c5072,c5039,30879.034853776753,Brazil,AM,Abacaxis,-3.3698504317950695,-57.718803923002376,-2.199233719490484,-55.805320777776245
5150,5072,Amazon,Preto do Igapo-Acu 1,c5150,c5072,13364.288288422445,Brazil,AM,Madeira,-3.975173813049393,-60.0814577004984,-3.3698504317950695,-57.718803923002376
5153,5150,Amazon,Preto do Igapo-Acu 2,c5153,c5150,13653.344415903728,Brazil,AM,Madeira,-5.276123558344282,-61.452752861052645,-3.975173813049393,-60.0814577004984
5156,5072,Amazon,Manuru,c5156,c5072,10003.20982026444,Brazil,PA,Abacaxis,-3.4783399352950757,-56.52101941541114,-3.3698504317950695,-57.718803923002376
5175,5171,Amazon,Purus 4,c5175,c5171,32101.04974866674,Brazil,AC,Purus,-9.72871524707396,-70.31894883118568,-7.85693013657954,-66.65948516659665
5177,5175,Amazon,Iaco,c5177,c5175,26466.14108184485,Brazil,AC,Purus,-9.960369376139926,-69.57417086592497,-9.72871524707396,-70.31894883118568
5178,5159,Amazon,Negro 1,c5178,c5159,21068.670676092537,Brazil,AM,Negro,-2.5363509425628927,-60.747583660229516,-3.2635815843767806,-61.08870020602191
5184,5182,Amazon,Jauaperi 2,c5184,c5182,16875.685785748512,Brazil,RR,Negro,-0.3608291116353089,-60.58051509738472,-0.6988934650089051,-61.53982355336292
5187,5186,Amazon,Catrimani,c5187,c5186,12614.738889462733,Brazil,RR,Negro,1.749459742310338,-62.483641815325555,0.1442088626754368,-61.91036268427995
4007,4006,"Northeast South America, South Atlantic Coast",Kwitaro,c4007,c4006,10667.387612767503,Guyana,,AMZ_OTCA,2.918789752462899,-58.76861753184391,3.2816122471080362,-59.21241838135477
5195,5192,Amazon,Tacutu,c5195,c5192,16704.65344308219,Brazil,RR,Negro,2.9016742575335335,-59.923545861123415,2.8732150140754165,-60.64635240892352
4008,4005,"Northeast South America, South Atlantic Coast",Mazaruni,c4008,c4005,31685.614573200357,Guyana,RR,AMZ_OTCA,5.925568828582955,-59.99881267244714,4.981866458848612,-59.0564133221276
5196,5195,Amazon,Ireng,c5196,c5195,11487.596445024186,Guyana,RR,Negro,4.366745506086752,-59.81175035852818,2.9016742575335335,-59.923545861123415
5216,5159,Amazon,Amazon 5,c5216,c5159,17072.79127310892,Brazil,AM,Main_AMZ,-4.117467128949493,-63.60930124880994,-3.2635815843767806,-61.08870020602191
5220,5216,Amazon,Japura,c5220,c5216,47173.59001311487,Brazil,AM,Caqueta_Japura,-2.1030079418995795,-67.06555641177928,-4.117467128949493,-63.60930124880994
5233,5216,Amazon,Amazon 6,c5233,c5216,29106.286078734807,Brazil,AM,Main_AMZ,-2.951987821696914,-66.70159578410241,-4.117467128949493,-63.60930124880994
5235,5233,Amazon,Putumayo 1,c5235,c5233,35073.50139021155,Colombia,AM,Putumayo_Ica,-2.8056665063652466,-70.03360455600136,-2.951987821696914,-66.70159578410241
5237,5235,Amazon,Igara Parana,c5237,c5235,13026.299748234193,Colombia,,Putumayo_Ica,-1.5702194711441717,-72.68991314506225,-2.8056665063652466,-70.03360455600136
5245,5233,Amazon,Amazon 7,c5245,c5233,54208.64238004879,Peru,AM,Main_AMZ,-3.7654558421466304,-71.51082531024913,-2.951987821696914,-66.70159578410241
5265,5245,Amazon,Ucayali 1,c5265,c5245,62970.890483454416,Peru,AC,Ucayali,-6.856106856840484,-74.83732527900573,-3.7654558421466304,-71.51082531024913
5270,5265,Amazon,Ucayali 2,c5270,c5265,21954.974250743653,Peru,,Ucayali,-9.971661324721323,-73.95392582701477,-6.856106856840484,-74.83732527900573
5272,5271,Amazon,Perene,c5272,c5271,18345.580829559687,Peru,,Ucayali,-11.178072001247092,-75.18366642545202,-11.201160438351783,-73.77534890775107
5281,5278,Amazon,Itacuai,c5281,c5278,23825.408378765533,Brazil,AM,Javari,-5.646518022078755,-70.76887323964938,-4.36116873637483,-70.86376128336751
6001,-999,Tocantins,Pacaja,c6001,outlet,30691.876274350445,Brazil,PA,AMZ_OTCA,-3.46004525020384,-50.54917351953773,,
5016,5014,Amazon,Fresco 2,c5016,c5014,26579.78279479048,Brazil,PA,Xingu,-8.119227016627267,-51.1704412443715,-6.788510938603125,-51.43970282532231
6005,6004,Tocantins,Araguaia 1,c6005,c6004,36018.09002315238,Brazil,TO,Tocantins,-6.680302943718384,-48.71672314156113,-4.346054957948043,-49.541583893630644
6007,6005,Tocantins,Araguaia 2,c6007,c6005,63031.581149858306,Brazil,TO,Tocantins,-9.180821897736905,-49.86670296689118,-6.680302943718384,-48.71672314156113
6016,6009,Tocantins,Mortes 1,c6016,c6009,21423.6516925931,Brazil,MT,Tocantins,-13.059022044290556,-51.49518563594157,-13.775704365123318,-50.96634283905965
6019,6009,Tocantins,Araguaia 4,c6019,c6009,24373.871539442527,Brazil,GO,Tocantins,-16.782657251362274,-52.740662477378166,-13.775704365123318,-50.96634283905965
6031,6030,Tocantins,Palma,c6031,c6030,17857.048917041986,Brazil,TO,Tocantins,-12.335479260077694,-46.83041413630857,-13.935012228335514,-46.996729278754344
6033,6029,Tocantins,Manuel Alves da Natividade,c6033,c6029,14962.579823982998,Brazil,TO,Tocantins,-11.6763032029496,-47.46875020243069,-9.894765387675829,-48.320252427457184
7002,-999,"North Brazil, South Atlantic Coast",Gurupi,c7002,outlet,34815.170402038915,Brazil,PA,AMZ_OTCA,-3.292056300708928,-46.9604410466926,,
7006,-999,"North Brazil, South Atlantic Coast",Pindare,c7006,outlet,30420.81938575005,Brazil,MA,AMZ_OTCA,-4.246407458430662,-46.358127579831915,,
12084,12076,La Plata,Sao Lourenco 1,c12084,c12076,14020.990136866187,Brazil,MS,AMZ_OTCA,-17.62877502518563,-56.43868934590764,,
12089,12084,La Plata,Sao Lourenco 2,c12089,c12084,10384.628101132153,Brazil,MT,AMZ_OTCA,-16.185686825853622,-55.13370224425582,-17.62877502518563,-56.43868934590764
12094,12076,La Plata,Paraguay 5,c12094,c12076,27497.68690120618,Brazil,MT,AMZ_OTCA,-16.515700909895983,-57.21863847299153,,
12097,12094,La Plata,Sepotuba,c12097,c12094,9902.256510164372,Brazil,MT,AMZ_OTCA,-14.713378864716352,-57.74590404926193,-16.515700909895983,-57.21863847299153
6027,6004,Tocantins,Tocantins 2,c6027,c6004,32850.04760350005,Brazil,MA,Tocantins,-6.242270135808424,-47.440559614326794,-4.346054957948043,-49.541583893630644
7008,-999,"North Brazil, South Atlantic Coast",Mearim,c7008,outlet,37008.588741069485,Brazil,MA,AMZ_OTCA,-5.054142699356132,-45.08117426651512,,
6004,-999,Tocantins,Tocantins 1,c6004,outlet,36377.92435480935,Brazil,PA,Tocantins,-4.346054957948043,-49.541583893630644,,
4004,-999,"Northeast South America, South Atlantic Coast",Pomeroon,c4004,outlet,8338.609298262878,Guyana,,AMZ_OTCA,7.200257536009686,-58.850027126643155,,
3042,3029,Orinoco,Orinoco 7,c3042,c3029,12473.808226427818,Colombia,,AMZ_OTCA,4.250964896707003,-68.2308439059633,,
3044,3042,Orinoco,Guaviare 1,c3044,c3042,13345.598407784362,Colombia,,AMZ_OTCA,3.742835451023746,-69.20932601371796,4.250964896707003,-68.2308439059633
3045,3044,Orinoco,Uva,c3045,c3044,9180.535922851313,Colombia,,AMZ_OTCA,3.686648057192284,-70.58920588699901,3.742835451023746,-69.20932601371796
3047,3044,Orinoco,Guaviare 2,c3047,c3044,26518.46816317386,Colombia,,AMZ_OTCA,3.0498498121463866,-71.3322422531292,3.742835451023746,-69.20932601371796
3048,3047,Orinoco,Guayabero,c3048,c3047,24237.936909982538,Colombia,,AMZ_OTCA,2.6304502655470623,-73.91690280748739,3.0498498121463866,-71.3322422531292
3050,3042,Orinoco,Atabapo,c3050,c3042,12475.906018332034,Colombia,,AMZ_OTCA,3.286251415955679,-67.35653814949761,4.250964896707003,-68.2308439059633
4002,-999,"Northeast South America, South Atlantic Coast",Barima,c4002,outlet,13483.742755277923,Guyana,,AMZ_OTCA,7.9579154459583785,-60.05021368709786,,
4009,4008,"Northeast South America, South Atlantic Coast",Cuyuni,c4009,c4008,32215.50468186052,Guyana,,AMZ_OTCA,6.716172206907242,-60.70472691157967,5.925568828582955,-59.99881267244714
4013,-999,"Northeast South America, South Atlantic Coast",Demerara,c4013,outlet,12514.845300874813,Guyana,,AMZ_OTCA,5.9465568474157084,-58.25766394726475,,
4014,-999,"Northeast South America, South Atlantic Coast",Berbice,c4014,outlet,18132.94274909303,Guyana,,AMZ_OTCA,5.300545726503804,-57.865957771565725,,
4021,-999,"Northeast South America, South Atlantic Coast",Nickerie,c4021,outlet,14391.090063149166,Suriname,,AMZ_OTCA,5.272019574675345,-56.72529762520514,,
4023,-999,"Northeast South America, South Atlantic Coast",Saramacca,c4023,outlet,9883.916669208369,Suriname,,AMZ_OTCA,4.9040388944761375,-55.604778457001295,,
4025,-999,"Northeast South America, South Atlantic Coast",Cottica,c4025,outlet,7853.919511310518,Suriname,,AMZ_OTCA,5.564476899151438,-54.57071467506363,,
4026,-999,"Northeast South America, South Atlantic Coast",Maroni,c4026,outlet,8851.471911031684,Suriname,,AMZ_OTCA,4.853280152250518,-54.36014850201509,,
4028,4026,"Northeast South America, South Atlantic Coast",Lawa,c4028,c4026,14520.414713549017,Suriname,,AMZ_OTCA,3.7799137699343306,-54.061210683665074,4.853280152250518,-54.36014850201509
4029,4028,"Northeast South America, South Atlantic Coast",Itany,c4029,c4028,15009.043682070125,Suriname,AP,AMZ_OTCA,2.764165876987135,-54.3553934578331,3.7799137699343306,-54.061210683665074
4027,4026,"Northeast South America, South Atlantic Coast",Tapanahoni,c4027,c4026,19738.660157047547,Suriname,PA,AMZ_OTCA,3.2651797299427474,-55.333012800998766,4.853280152250518,-54.36014850201509
4034,-999,"Northeast South America, South Atlantic Coast",Oyapock,c4034,outlet,26837.57412463374,Brazil,AP,AMZ_OTCA,2.968663707681577,-52.42689261683122,,
5002,-999,Amazon,Ilha de Marajo,c5002,outlet,44547.23094564632,Brazil,PA,AMZ_OTCA,-0.9549520229295954,-49.83190879319958,,
5004,5003,Amazon,Xingu 1,c5004,c5003,14662.16052753935,Brazil,PA,Xingu,-2.4835757038635986,-52.073270053022966,-0.8973462501846593,-51.24386937380083
5017,5013,Amazon,Xingu 4,c5017,c5013,38842.84220242094,Brazil,PA,Xingu,-8.31058870235524,-52.38652397304193,-5.563963617066937,-52.55615756316114
5035,5030,Amazon,Paru,c5035,c5030,39645.43039625141,Brazil,PA,Main_AMZ,0.408931977981,-54.27655751393873,-1.887029834097949,-53.472306291398326
5038,5036,Amazon,Jari 2,c5038,c5036,30262.182006834566,Brazil,AP,Main_AMZ,1.4940494170502534,-53.71022459593951,-0.38340064895920273,-52.709127156096905
5042,5041,Amazon,Riozinho,c5042,c5041,21496.955198062707,Brazil,PA,Tapajos,-7.511374229533365,-55.54615725902046,-5.65043005626936,-55.93270369929498
4019,4017,"Northeast South America, South Atlantic Coast",Coeroeni,c4019,c4017,16612.660545033064,Suriname,PA,AMZ_OTCA,2.52845555687037,-56.71795822311785,4.148512012495904,-57.81012260854736
5071,5066,Amazon,Trombetas 2,c5071,c5066,39000.79457364037,Brazil,PA,Trombetas,0.8043772524870861,-57.04256890753564,-1.4399526686934074,-56.498398955416185
5080,5077,Amazon,Aripuana 1,c5080,c5077,17237.88408216437,Brazil,AM,Madeira,-6.674695249416788,-60.30989620108185,-5.025261639814465,-60.254991572533235
5104,5103,Amazon,Parapeti,c5104,c5103,42498.32880594653,Bolivia,,Madeira,-18.980304517692,-62.215097316543144,-17.31684113877875,-60.77184867879957
5117,5115,Amazon,Grande 1,c5117,c5115,38067.32322810013,Bolivia,,Madeira,-18.132373898826643,-63.56486268738253,-15.006967315497892,-65.23368504692029
5121,5117,Amazon,Grande 2,c5121,c5117,10458.755672989726,Bolivia,,Madeira,-18.761860467138682,-64.87782225494274,-18.132373898826643,-63.56486268738253
5123,5121,Amazon,Grande 3,c5123,c5121,11440.999373338496,Bolivia,,Madeira,-18.49449054162852,-66.12854287803145,-18.761860467138682,-64.87782225494274
5135,5134,Amazon,Inambari,c5135,c5134,19839.008662461918,Peru,,Madeira,-13.73892457159525,-70.180846876859,-12.367161977342818,-71.17009931828376
5140,5139,Amazon,Kaka,c5140,c5139,21399.004877493215,Bolivia,,Madeira,-15.531620990041704,-68.21071852907431,-13.771884562313168,-67.50601528967987
5141,5139,Amazon,Alto Beni,c5141,c5139,18720.531612465107,Bolivia,,Madeira,-16.5688807008958,-66.76602558862781,-13.771884562313168,-67.50601528967987
5142,5141,Amazon,Boopi,c5142,c5141,12929.45819413515,Bolivia,,Madeira,-16.576712445696185,-67.49504650865504,-16.5688807008958,-66.76602558862781
5163,5161,Amazon,Purus 2,c5163,c5161,23478.05154104495,Brazil,AM,Purus,-6.681009108190904,-64.26372848506674,-4.9916262926817385,-62.63432924088969
5167,5163,Amazon,Mucuim,c5167,c5163,13577.901028766722,Brazil,AM,Purus,-7.769356599621648,-64.14156692920496,-6.681009108190904,-64.26372848506674
5191,5190,Amazon,Mucajai,c5191,c5190,20267.92987926792,Brazil,RR,Negro,2.654438976057573,-62.323633057472634,2.0297702164376665,-61.20003209873415
5193,5192,Amazon,Uraricoera,c5193,c5192,49598.120387344396,Brazil,RR,Negro,3.528817488636846,-62.49857638250438,2.8732150140754165,-60.64635240892352
5194,5192,Amazon,Surumu,c5194,c5192,12675.904045323741,Brazil,RR,Negro,4.351648131627975,-60.59741323987932,2.8732150140754165,-60.64635240892352
5199,5181,Amazon,Demini,c5199,c5181,22935.014306699402,Brazil,AM,Negro,1.2862224638095594,-63.19285717110126,-1.284011526635348,-62.88548420791824
5212,5205,Amazon,Casiquiare,c5212,c5205,9875.48812272158,Venezuela,,Negro,2.453472776068727,-66.22092924116899,0.8390865435073855,-67.07399862183009
5214,5212,Amazon,Siapa,c5214,c5212,22070.815814242087,Venezuela,AM,AMZ_OTCA,1.6902235268018333,-65.33787373611948,2.453472776068727,-66.22092924116899
5222,5220,Amazon,Caqueta 1,c5222,c5220,19854.739003955718,Colombia,AM,Caqueta_Japura,-1.1054490833799433,-71.12117151584171,-2.1030079418995795,-67.06555641177928
5228,5227,Amazon,Caguan,c5228,c5227,21181.29631285491,Colombia,,Caqueta_Japura,1.4646995131833527,-74.75705498909336,-0.016960055031952373,-74.26460487384635
5229,5227,Amazon,Orteguaza,c5229,c5227,9782.07936872427,Colombia,,Caqueta_Japura,1.4031706564684605,-75.52382002684259,-0.016960055031952373,-74.26460487384635
5230,5227,Amazon,Caqueta 3,c5230,c5227,10786.88806976261,Colombia,,Caqueta_Japura,1.23043152107395,-76.24648864397933,-0.016960055031952373,-74.26460487384635
5238,5235,Amazon,Putumayo 2,c5238,c5235,61939.09143533177,Colombia,,Putumayo_Ica,-0.9008432772878112,-74.52327319014013,-2.8056665063652466,-70.03360455600136
5232,5216,Amazon,Tefe,c5232,c5216,24268.873340309372,Brazil,AM,Main_AMZ,-4.450732326700392,-65.69056768826334,-4.117467128949493,-63.60930124880994
5240,5233,Amazon,Jurua 1,c5240,c5233,61898.64367672336,Brazil,AM,Main_AMZ,-5.28027433415216,-67.78243754526461,-2.951987821696914,-66.70159578410241
5252,5246,Amazon,Pastaza,c5252,c5246,42270.63473511134,Ecuador,,Maranon,-2.583509266067443,-77.3791421170918,-4.547378968288955,-75.47180736968295
5258,5257,Amazon,Chinchipe,c5258,c5257,9756.161636785288,Peru,,Maranon,-5.026422920948952,-79.01328640906384,-5.076831772252209,-77.58640078040717
5262,5261,Amazon,Zamora,c5262,c5261,11336.84324864558,Ecuador,,Maranon,-3.7580166365014307,-78.76678912710881,-3.610814276151394,-77.9310425617073
5263,5261,Amazon,Namangoza,c5263,c5261,11069.214684967534,Ecuador,,Maranon,-2.6561102262422738,-78.56038410281501,-3.610814276151394,-77.9310425617073
5264,5257,Amazon,Maranon 3,c5264,c5257,52409.572209843005,Peru,,Maranon,-7.455519508167246,-77.94433830872188,-5.076831772252209,-77.58640078040717
5274,5273,Amazon,Mantaro,c5274,c5273,34535.048536644324,Peru,,Ucayali,-12.20517085076135,-75.1551466743895,-11.830437946432605,-73.97472331332469
5275,5273,Amazon,Apurimac,c5275,c5273,41441.50227896706,Peru,,Ucayali,-14.062475857454201,-72.49253264093583,-11.830437946432605,-73.97472331332469
5276,5275,Amazon,Pampas,c5276,c5275,23219.67555571728,Peru,,Ucayali,-13.806554410364049,-74.04842744187665,-14.062475857454201,-72.49253264093583
5277,5270,Amazon,Urubamba,c5277,c5270,59359.4821399101,Peru,,Ucayali,-12.237084535234834,-72.55140403165231,-9.971661324721323,-73.95392582701477
5287,5285,Amazon,Aguarico,c5287,c5285,13344.796022343253,Ecuador,,Napo,-0.1211842104212047,-76.46496579366385,-2.3220230514451328,-74.06572263760279
5288,5285,Amazon,Napo 2,c5288,c5285,31083.111320122778,Ecuador,,Napo,-0.6534112330295748,-77.12330006789072,-2.3220230514451328,-74.06572263760279
6003,-999,Tocantins,Jacunda,c6003,outlet,10886.827599110478,Brazil,PA,AMZ_OTCA,-2.2884793231170923,-49.9104913277269,,
6030,6029,Tocantins,Parana,c6030,c6029,42251.76417717681,Brazil,GO,Tocantins,-13.935012228335514,-46.996729278754344,-9.894765387675829,-48.320252427457184
6037,6034,Tocantins,Sono 2,c6037,c6034,18492.309385749948,Brazil,TO,Tocantins,-10.312245437536111,-46.832370698969676,-9.54571207213696,-47.946306556537444
6047,-999,Tocantins,Foz Tocantins North,c6047,outlet,3739.8155760212994,Brazil,PA,AMZ_OTCA,-0.9807357747941323,-48.10250012137011,,
7010,-999,"North Brazil, South Atlantic Coast",Itapecuru,c7010,outlet,52817.460762867115,Brazil,MA,AMZ_OTCA,-5.3938442520273515,-44.19721584425691,,
8008,8006,Parnaiba,Balsas,c8008,c8006,25536.909620463943,Brazil,MA,AMZ_OTCA,-7.69545270507303,-46.00971356118902,,
8015,8006,Parnaiba,Paranaiba 3,c8015,c8006,35675.273166857914,Brazil,MA,AMZ_OTCA,-8.89265915622975,-45.75169752978875,,
12083,12081,La Plata,Taquari 2,c12083,c12081,11853.495188465089,Brazil,MS,AMZ_OTCA,-18.00650765657142,-53.87150224937837,,
12086,12084,La Plata,Itiquira 1,c12086,c12084,6056.893647072855,Brazil,MT,AMZ_OTCA,-17.202572964591145,-55.74931706174794,-17.62877502518563,-56.43868934590764
12088,12086,La Plata,Itiquira 2,c12088,c12086,10930.052877310676,Brazil,MT,AMZ_OTCA,-17.146648491985374,-54.66633411160505,-17.202572964591145,-55.74931706174794
12091,12076,La Plata,Corixa Grande 1,c12091,c12076,28785.68655166593,Brazil,MT,AMZ_OTCA,-17.480509949347386,-58.60045472658079,,
12093,12091,La Plata,Corixa Grande 2,c12093,c12091,10867.47083444563,Brazil,MT,AMZ_OTCA,-16.3104535607716,-58.825783589293216,-17.480509949347386,-58.60045472658079
7005,-999,"North Brazil, South Atlantic Coast",Pericuma,c7005,outlet,12266.272755978544,Brazil,MA,AMZ_OTCA,-2.383329443739938,-44.88330885281739,,
7003,-999,"North Brazil, South Atlantic Coast",Maracacume,c7003,outlet,9613.838373011542,Brazil,MA,AMZ_OTCA,-1.8211011685759242,-45.80861146713398,,
7001,-999,"North Brazil, South Atlantic Coast",Piria,c7001,outlet,18720.795810494325,Brazil,PA,AMZ_OTCA,-1.2844545725297316,-47.007272280891286,,
6042,-999,Tocantins,Foz Tocantins South,c6042,outlet,3153.280888092184,Brazil,PA,AMZ_OTCA,-1.8121435106241313,-48.92754740628124,,
5003,-999,Amazon,Mouth of the Amazon,c5003,outlet,9523.780705582118,Brazil,PA,Main_AMZ,-0.8973462501846593,-51.24386937380083,,
5001,-999,Amazon,South Amapa,c5001,outlet,28267.63601021334,Brazil,AP,AMZ_OTCA,0.017668370008535546,-51.51447680683953,,
4035,-999,"Northeast South America, South Atlantic Coast",North Amapa,c4035,outlet,26813.285555305483,Brazil,AP,AMZ_OTCA,2.7402563615286137,-51.22459695158353,,
3046,3044,Orinoco,Inirida,c3046,c3044,53577.080709293026,Colombia,,AMZ_OTCA,2.5976231656424025,-70.2225575965158,3.742835451023746,-69.20932601371796
5211,5205,Amazon,Icana,c5211,c5205,35516.146096105105,Brazil,AM,Negro,1.3299856373606789,-68.62686824558506,0.8390865435073855,-67.07399862183009
4006,4005,"Northeast South America, South Atlantic Coast",Rupununi,c4006,c4005,12912.116026143814,Guyana,,AMZ_OTCA,3.2816122471080362,-59.21241838135477,4.981866458848612,-59.0564133221276
4018,4017,"Northeast South America, South Atlantic Coast",New,c4018,c4017,15982.807931825853,Guyana,PA,AMZ_OTCA,2.286049922163779,-57.725286155341706,4.148512012495904,-57.81012260854736
5036,5030,Amazon,Jari 1,c5036,c5030,19353.1291999368,Brazil,PA,Main_AMZ,-0.38340064895920273,-52.709127156096905,-1.887029834097949,-53.472306291398326
6002,6001,Tocantins,Anapu,c6002,c6001,22041.07603634094,Brazil,PA,AMZ_OTCA,-2.7101579594269003,-51.30290765539916,-3.46004525020384,-50.54917351953773
5005,5004,Amazon,Bacaja,c5005,c5004,25644.267819148547,Brazil,PA,Xingu,-4.960612792904785,-51.45421858047718,-2.4835757038635986,-52.073270053022966
5006,5004,Amazon,Jaraucu,c5006,c5004,16652.07254319453,Brazil,PA,Xingu,-2.7964972025153165,-52.88217950488944,-2.4835757038635986,-52.073270053022966
5008,5007,Amazon,Iriri 1,c5008,c5007,39339.71481856136,Brazil,PA,Xingu,-4.8094024438522816,-54.06815417731489,-3.683875830817065,-52.12893656297932
5013,5007,Amazon,Xingu 3,c5013,c5007,48111.15354248507,Brazil,PA,Xingu,-5.563963617066937,-52.55615756316114,-3.683875830817065,-52.12893656297932
5011,5010,Amazon,Iriri 3,c5011,c5010,10708.463964404014,Brazil,PA,Xingu,-9.283892592541552,-54.08393917776771,-7.325501285879369,-53.77185454865665
5012,5010,Amazon,Iriri Novo,c5012,c5010,11476.545352710817,Brazil,PA,Xingu,-9.548931828967348,-53.526713582481925,-7.325501285879369,-53.77185454865665
5019,5017,Amazon,Xingu 5,c5019,c5017,28282.765686422183,Brazil,MT,Xingu,-10.415392489743665,-53.00235972797175,-8.31058870235524,-52.38652397304193
5014,5013,Amazon,Fresco 1,c5014,c5013,8525.436427758796,Brazil,PA,Xingu,-6.788510938603125,-51.43970282532231,-5.563963617066937,-52.55615756316114
5018,5017,Amazon,Liberdade,c5018,c5017,13570.585802899132,Brazil,MT,Tocantins,-10.600948101731527,-52.03722734356172,-8.31058870235524,-52.38652397304193
5020,5019,Amazon,Suia Missu,c5020,c5019,23705.262658213178,Brazil,MT,Xingu,-12.239541437379966,-52.38390017023601,-10.415392489743665,-53.00235972797175
5022,5019,Amazon,Manissaua Missu,c5022,c5019,17249.33143020612,Brazil,MT,Xingu,-11.555063218251917,-54.70978288692938,-10.415392489743665,-53.00235972797175
5025,5024,Amazon,Ronuro,c5025,c5024,11723.805014374757,Brazil,MT,Xingu,-13.212379764671539,-54.31474654670891,-12.9630835801238,-53.87708792446513
5029,5027,Amazon,Culuene 2,c5029,c5027,29450.59511015437,Brazil,MT,Xingu,-13.68562611066012,-52.986942316125536,-12.463052490297422,-53.506010602122416
6018,6016,Tocantins,Mortes 2,c6018,c6016,29953.883077404367,Brazil,MT,Tocantins,-15.05857304967095,-53.507172986301065,-13.059022044290556,-51.49518563594157
5031,5030,Amazon,Curuapanema,c5031,c5030,28277.66768665337,Brazil,PA,Main_AMZ,-0.8436200564428433,-55.16376926852011,-1.887029834097949,-53.472306291398326
5032,5030,Amazon,Curua Una,c5032,c5030,18030.27753594075,Brazil,PA,Main_AMZ,-3.3983177936474376,-54.55653961633637,-1.887029834097949,-53.472306291398326
5033,5032,Amazon,Curua do Sul,c5033,c5032,13084.397141168201,Brazil,PA,Main_AMZ,-3.4883181033207884,-53.7682941419243,-3.3983177936474376,-54.55653961633637
5044,5040,Amazon,Arapiuns,c5044,c5040,15362.995245759692,Brazil,PA,Tapajos,-2.9608401253764525,-55.79667127050745,-4.023296356332264,-55.56442172775202
5041,5040,Amazon,Jamanxim 1,c5041,c5040,20951.414815236894,Brazil,PA,Tapajos,-5.65043005626936,-55.93270369929498,-4.023296356332264,-55.56442172775202
5045,5040,Amazon,Tapajos 2,c5045,c5040,12013.66478585337,Brazil,PA,Tapajos,-5.290874817456217,-56.91082452649197,-4.023296356332264,-55.56442172775202
5062,5060,Amazon,Teles Pires 3,c5062,c5060,17942.91567630366,Brazil,MT,Tapajos,-10.930946443259826,-55.73505100300923,-9.710199419118737,-55.994684812221095
5050,5048,Amazon,Benedito,c5050,c5048,13739.885424011869,Brazil,PA,Tapajos,-8.94139988792675,-55.954417733432756,-8.541981364036019,-57.30646743167263
5051,5048,Amazon,Juruena 1,c5051,c5048,18350.29466953746,Brazil,MT,Tapajos,-8.269022499514332,-58.354068067821146,-8.541981364036019,-57.30646743167263
5053,5051,Amazon,Juruena 2,c5053,c5051,25955.87969357695,Brazil,MT,Tapajos,-10.722736808170984,-58.540758810478586,-8.269022499514332,-58.354068067821146
5056,5053,Amazon,Sangue,c5056,c5053,28947.947810138805,Brazil,MT,Tapajos,-12.725103878591911,-57.736256957248344,-10.722736808170984,-58.540758810478586
5059,5053,Amazon,Juruena 3,c5059,c5053,16272.352816388324,Brazil,MT,Tapajos,-13.50669477925257,-59.1826319253179,-10.722736808170984,-58.540758810478586
5067,5066,Amazon,Nhamunda,c5067,c5066,28617.185869671237,Brazil,PA,Trombetas,-1.5260723339359803,-57.53857494452292,-1.4399526686934074,-56.498398955416185
5069,5066,Amazon,Mapuera,c5069,c5066,25786.892416914838,Brazil,PA,Trombetas,0.14623277976122323,-58.233089250860154,-1.4399526686934074,-56.498398955416185
5154,5072,Amazon,Maues Acu,c5154,c5072,26323.38161265348,Brazil,AM,Abacaxis,-4.718719016757105,-57.55374929966478,-3.3698504317950695,-57.718803923002376
5073,5072,Amazon,Abacaxis,c5073,c5072,21752.870047558623,Brazil,AM,Abacaxis,-5.135474406274628,-58.631759741902236,-3.3698504317950695,-57.718803923002376
5074,5072,Amazon,Canuma,c5074,c5072,11614.550379672624,Brazil,AM,Abacaxis,-4.856235613744092,-59.33578251836429,-3.3698504317950695,-57.718803923002376
5075,5074,Amazon,Sucunduri,c5075,c5074,26427.80030501075,Brazil,AM,Abacaxis,-6.853129137207453,-59.1721230124075,-4.856235613744092,-59.33578251836429
5076,5074,Amazon,Camaiu,c5076,c5074,14164.552327043604,Brazil,AM,Abacaxis,-6.537301293066965,-59.78767764158391,-4.856235613744092,-59.33578251836429
5077,5072,Amazon,Madeira 1,c5077,c5072,17434.173396461953,Brazil,AM,Madeira,-5.025261639814465,-60.254991572533235,-3.3698504317950695,-57.718803923002376
5085,5082,Amazon,Roosevelt 2,c5085,c5082,25237.41401238491,Brazil,MT,Madeira,-11.217323429603614,-60.259728012298226,-8.713076611418199,-60.90541270284611
5089,5087,Amazon,Ji-Parana,c5089,c5087,64307.329072866,Brazil,RO,Madeira,-10.907061309519184,-61.780117335911186,-6.857978436401627,-62.51150353779184
12095,12094,La Plata,Jauru,c12095,c12094,10932.326263195348,Brazil,MT,AMZ_OTCA,-15.5077348103076,-58.597388397090725,-16.515700909895983,-57.21863847299153
5122,5121,Amazon,Caine,c5122,c5121,10450.018243040528,Bolivia,,Madeira,-17.74457397097647,-66.13142623233757,-18.761860467138682,-64.87782225494274
5133,5131,Amazon,Piedras,c5133,c5131,18914.824435803446,Peru,,Madeira,-11.70914664874568,-70.62284822745305,-12.551394643375842,-68.54806561720427
5138,5136,Amazon,Tahuamanu,c5138,c5136,15759.690912035423,Peru,AC,Madeira,-11.312647320687704,-69.6151358040484,-10.989083262678434,-67.028765184957
5143,5139,Amazon,Tuichi,c5143,c5139,9570.413479633602,Bolivia,,Madeira,-14.482677675913093,-68.48193546973495,-13.771884562313168,-67.50601528967987
5145,5091,Amazon,Abuna,c5145,c5091,23114.392966183485,Bolivia,RO,Madeira,-10.307457675050568,-66.96770748410039,-9.329757085542203,-64.54156724330672
5151,5150,Amazon,Luna,c5151,c5150,10089.0061980223,Brazil,AM,Madeira,-4.749832677549069,-61.467714499263955,-3.975173813049393,-60.0814577004984
5152,5150,Amazon,Mamori,c5152,c5150,8685.83434893654,Brazil,AM,Madeira,-3.811292562361069,-60.29797765052357,-3.975173813049393,-60.0814577004984
5155,5072,Amazon,Urubu,c5155,c5072,12824.552037350642,Brazil,AM,Main_AMZ,-2.6342113529248654,-59.15520195090424,-3.3698504317950695,-57.718803923002376
5157,5072,Amazon,Uatuma,c5157,c5072,33423.70921387347,Brazil,AM,Main_AMZ,-1.670303695204606,-59.35531369845641,-3.3698504317950695,-57.718803923002376
5158,5157,Amazon,Jatapu,c5158,c5157,34494.00401340445,Brazil,AM,Main_AMZ,-0.4859969452520061,-59.043229535091086,-1.670303695204606,-59.35531369845641
5159,5072,Amazon,Amazon 4,c5159,c5072,32530.956725354994,Brazil,AM,Main_AMZ,-3.2635815843767806,-61.08870020602191,-3.3698504317950695,-57.718803923002376
5185,5181,Amazon,Unini,c5185,c5181,27310.1696474571,Brazil,AM,Negro,-1.8738133977127835,-63.43316044921454,-1.284011526635348,-62.88548420791824
5160,5159,Amazon,Piorini,c5160,c5159,19649.762126504167,Brazil,AM,Main_AMZ,-3.125564981873961,-63.4046014088286,-3.2635815843767806,-61.08870020602191
5161,5159,Amazon,Purus 1,c5161,c5159,31488.674754812408,Brazil,AM,Purus,-4.9916262926817385,-62.63432924088969,-3.2635815843767806,-61.08870020602191
5162,5161,Amazon,Ipixuna,c5162,c5161,19050.995672853936,Brazil,AM,Purus,-6.897959218341492,-63.4262826399512,-4.9916262926817385,-62.63432924088969
5164,5163,Amazon,Ituxi 1,c5164,c5163,15080.247364106332,Brazil,AM,Purus,-8.246182403309886,-65.0531111361648,-6.681009108190904,-64.26372848506674
5165,5164,Amazon,Curuquete,c5165,c5164,8625.176717304137,Brazil,AM,Purus,-9.041146608164345,-65.49609402560279,-8.246182403309886,-65.0531111361648
5166,5164,Amazon,Ituxi 2,c5166,c5164,20041.179157197468,Brazil,AM,Purus,-9.219310223124552,-66.63206819571823,-8.246182403309886,-65.0531111361648
5168,5163,Amazon,Tapaua 1,c5168,c5163,24847.09354838942,Brazil,AM,Purus,-5.937874532439329,-66.02594772917858,-6.681009108190904,-64.26372848506674
5170,5168,Amazon,Tapaua 2,c5170,c5168,28769.796566569265,Brazil,AM,Purus,-6.671726380541539,-66.77504558532117,-5.937874532439329,-66.02594772917858
5172,5171,Amazon,Acre,c5172,c5171,36526.541921959746,Brazil,AC,Purus,-10.22028172748394,-68.52109892926048,-7.85693013657954,-66.65948516659665
5174,5171,Amazon,Pauini,c5174,c5171,25127.58942804721,Brazil,AM,Purus,-7.72467963967612,-68.83557231888321,-7.85693013657954,-66.65948516659665
5179,5178,Amazon,Camanau,c5179,c5178,11779.48606270043,Brazil,AM,Negro,-1.4533054428123358,-60.91637007159238,-2.5363509425628927,-60.747583660229516
5180,5178,Amazon,Jau,c5180,c5178,18812.607423999973,Brazil,AM,Negro,-2.407067376820524,-62.47982873227945,-2.5363509425628927,-60.747583660229516
5183,5182,Amazon,Macucuau,c5183,c5182,15730.250103105674,Brazil,RR,Negro,0.47852370270034855,-60.516505562626186,-0.6988934650089051,-61.53982355336292
5189,5186,Amazon,Anaua,c5189,c5186,21208.596587017233,Brazil,RR,Negro,1.3641590878890413,-60.40612819208258,0.1442088626754368,-61.91036268427995
5198,5181,Amazon,Cuiuni,c5198,c5181,11723.914420961613,Brazil,AM,Negro,-1.1956735611071674,-64.17128389405052,-1.284011526635348,-62.88548420791824
5201,5181,Amazon,Negro 3,c5201,c5181,48100.65125874738,Brazil,AM,Negro,-0.471919083405872,-64.9809988150769,-1.284011526635348,-62.88548420791824
5202,5201,Amazon,Ajuana,c5202,c5201,12418.958788329799,Brazil,AM,Negro,-1.185510982135512,-66.44893447479635,-0.471919083405872,-64.9809988150769
5206,5205,Amazon,Marie,c5206,c5205,25265.006054504545,Brazil,AM,Negro,-1.0013049999232133,-68.00921871325039,0.8390865435073855,-67.07399862183009
5209,5208,Amazon,Tiquie,c5209,c5208,12647.89544948383,Brazil,AM,Negro,0.03267806650489971,-69.37642094625413,0.2639614673207893,-68.17288348859081
5210,5208,Amazon,Uaupes 2,c5210,c5208,43895.17691681695,Colombia,AM,Negro,1.1244040699052094,-70.69892302902595,0.2639614673207893,-68.17288348859081
5215,5205,Amazon,Negro 5,c5215,c5205,28771.091512462488,Colombia,AM,Negro,2.4193465216006516,-68.00148745865563,0.8390865435073855,-67.07399862183009
5217,5216,Amazon,Coari,c5217,c5216,20138.19842378765,Brazil,AM,Main_AMZ,-5.116325593426242,-64.54499385636973,-4.117467128949493,-63.60930124880994
5219,5216,Amazon,Parana Copea,c5219,c5216,10485.713955640911,Brazil,AM,Main_AMZ,-2.989073793901903,-64.27278166009295,-4.117467128949493,-63.60930124880994
5221,5220,Amazon,Purue,c5221,c5220,15370.134428570826,Brazil,AM,Caqueta_Japura,-2.0859983795630255,-69.4992104106907,-2.1030079418995795,-67.06555641177928
5223,5222,Amazon,Cahuinari,c5223,c5222,14995.904382558152,Colombia,,Caqueta_Japura,-1.4956790867367764,-71.77957163918097,-1.1054490833799433,-71.12117151584171
5227,5222,Amazon,Caqueta 2,c5227,c5222,27202.552080738842,Colombia,,Caqueta_Japura,-0.016960055031952373,-74.26460487384635,-1.1054490833799433,-71.12117151584171
5231,5220,Amazon,Apaporis,c5231,c5220,57173.00820621927,Colombia,AM,Caqueta_Japura,0.4236581081889633,-71.56276919655096,-2.1030079418995795,-67.06555641177928
5239,5233,Amazon,Jutai,c5239,c5233,78108.30622756197,Brazil,AM,Main_AMZ,-4.78693055031608,-68.31484825119077,-2.951987821696914,-66.70159578410241
5234,5233,Amazon,Jandiatuba,c5234,c5233,14065.958306398226,Brazil,AM,Main_AMZ,-4.782906483948606,-69.5218939995989,-2.951987821696914,-66.70159578410241
5236,5235,Amazon,Yaguas,c5236,c5235,10539.615895481878,Peru,,Putumayo_Ica,-2.8381002185340303,-71.09079502783409,-2.8056665063652466,-70.03360455600136
5242,5240,Amazon,Tarauaca,c5242,c5240,28215.464939769798,Brazil,AC,Jurua,-8.329413229267487,-70.97814565632305,-5.28027433415216,-67.78243754526461
5243,5242,Amazon,Envira,c5243,c5242,26495.974152054674,Brazil,AC,Jurua,-9.019996218999227,-70.80629963070271,-8.329413229267487,-70.97814565632305
5244,5240,Amazon,Jurua 2,c5244,c5240,63550.23533963825,Brazil,AC,Jurua,-8.184032869690695,-72.53599278383513,-5.28027433415216,-67.78243754526461
5246,5245,Amazon,Maranon 1,c5246,c5245,22441.692088340118,Peru,,Maranon,-4.547378968288955,-75.47180736968295,-3.7654558421466304,-71.51082531024913
5247,5246,Amazon,Huallaga 1,c5247,c5246,21221.36476362714,Peru,,Maranon,-5.890404495456138,-76.08275979976904,-4.547378968288955,-75.47180736968295
5253,5246,Amazon,Samiria,c5253,c5246,11003.493317869128,Peru,,Maranon,-5.2433365394016755,-75.03475568957055,-4.547378968288955,-75.47180736968295
5249,5247,Amazon,Huallaga 2,c5249,c5247,14358.339131181885,Peru,,Maranon,-7.267011404509862,-76.44520781467793,-5.890404495456138,-76.08275979976904
5251,5249,Amazon,Huallaga 3,c5251,c5249,30484.33437642556,Peru,,Maranon,-9.03285377541036,-76.43062585058905,-7.267011404509862,-76.44520781467793
5255,5246,Amazon,Tigre,c5255,c5246,29961.571827247335,Peru,,Maranon,-2.7642883872213164,-75.512288649216,-4.547378968288955,-75.47180736968295
5266,5265,Amazon,Pachitea,c5266,c5265,28906.812618191834,Peru,,Ucayali,-9.949861968188863,-75.05942508142677,-6.856106856840484,-74.83732527900573
5267,5265,Amazon,Tamaya,c5267,c5265,17573.388776528154,Peru,AC,Ucayali,-8.82010165549168,-73.70572752585366,-6.856106856840484,-74.83732527900573
5268,5265,Amazon,Aguaytia,c5268,c5265,11355.9373691921,Peru,,Ucayali,-8.70163671143025,-75.35417540243338,-6.856106856840484,-74.83732527900573
5269,5265,Amazon,Tapiche,c5269,c5265,18706.701216976893,Peru,AC,Ucayali,-6.429337909148293,-74.01696218787505,-6.856106856840484,-74.83732527900573
5279,5278,Amazon,Yavari Mirin,c5279,c5278,8629.48898959536,Peru,,Javari,-4.474658822047953,-72.42088225053762,-4.36116873637483,-70.86376128336751
5278,5245,Amazon,Javari 1,c5278,c5245,8885.893716095683,Brazil,AM,Javari,-4.36116873637483,-70.86376128336751,-3.7654558421466304,-71.51082531024913
5283,5278,Amazon,Javari 2,c5283,c5278,23034.725107061557,Peru,AM,Javari,-5.639155345373767,-72.99621666298984,-4.36116873637483,-70.86376128336751
5280,5278,Amazon,Curuca,c5280,c5278,25438.43063547932,Brazil,AM,Javari,-5.878561215881357,-72.28387640227237,-4.36116873637483,-70.86376128336751
5282,5281,Amazon,Itui,c5282,c5281,19389.38693350054,Brazil,AM,Javari,-5.849005882155597,-71.39889441205379,-5.646518022078755,-70.76887323964938
5284,5245,Amazon,Nanay,c5284,c5245,16599.677662996484,Peru,,Main_AMZ,-3.4181653189913175,-74.15490594230224,-3.7654558421466304,-71.51082531024913
5285,5245,Amazon,Napo 1,c5285,c5245,31176.310257251196,Peru,,Napo,-2.3220230514451328,-74.06572263760279,-3.7654558421466304,-71.51082531024913
5286,5285,Amazon,Curaray,c5286,c5285,26585.369694048757,Ecuador,,Napo,-1.542092008747326,-75.9831918507004,-2.3220230514451328,-74.06572263760279
6026,6024,Tocantins,Itacaiunas 2,c6026,c6024,18787.257987891007,Brazil,PA,Tocantins,-6.082363694419106,-50.59830032957998,-6.072858596661574,-49.274058587911
6006,6005,Tocantins,Pau d'Arco,c6006,c6005,13447.767080058502,Brazil,PA,Tocantins,-7.99823245521778,-50.00270458293022,-6.680302943718384,-48.71672314156113
6008,6007,Tocantins,Tapirape,c6008,c6007,21579.642823889382,Brazil,MT,Tocantins,-11.111177514877856,-51.37250513923996,-9.180821897736905,-49.86670296689118
6020,6019,Tocantins,Garcas,c6020,c6019,13437.615458362783,Brazil,MT,Tocantins,-16.04623659623358,-53.22224881809252,-16.782657251362274,-52.740662477378166
6025,6024,Tocantins,Parauapebas,c6025,c6024,9950.717383024197,Brazil,PA,Tocantins,-6.405652676849489,-50.00594077938972,-6.072858596661574,-49.274058587911
6028,6027,Tocantins,Manuel Alves Grande,c6028,c6027,16493.698994308223,Brazil,TO,Tocantins,-7.950825899662333,-46.993148984108714,-6.242270135808424,-47.440559614326794
6036,6034,Tocantins,Perdida,c6036,c6034,9626.057869148095,Brazil,TO,Tocantins,-9.321124320642177,-47.253076609316,-9.54571207213696,-47.946306556537444
6044,6043,Tocantins,Moju,c6044,c6043,12902.87317725664,Brazil,PA,AMZ_OTCA,-3.1250202618037153,-49.04440482836056,-2.560367635474947,-48.45877775764683
6046,6045,Tocantins,Capim,c6046,c6045,36506.792533678046,Brazil,PA,AMZ_OTCA,-3.626827444053654,-48.164366954686116,-1.8053845256478251,-47.50429301854845
7009,7008,"North Brazil, South Atlantic Coast",Grajau,c7009,c7008,21672.302579535677,Brazil,MA,AMZ_OTCA,-5.244945918986571,-45.89287338947764,-5.054142699356132,-45.08117426651512
12085,12084,La Plata,Cuiaba,c12085,c12084,40583.424051262686,Brazil,MT,AMZ_OTCA,-15.524466224339912,-55.865859750134256,-17.62877502518563,-56.43868934590764
12090,12089,La Plata,Poguba Xoreu,c12090,c12089,15042.341245801084,Brazil,MT,AMZ_OTCA,-16.440487601006662,-54.30909350241703,-16.185686825853622,-55.13370224425582
12098,12094,La Plata,Paraguay 6,c12098,c12094,16522.497099013213,Brazil,MT,AMZ_OTCA,-15.027793592633161,-57.09357041384562,-16.515700909895983,-57.21863847299153
